,Temperature,Humidity,PM2.5,PM10,NO2,SO2,CO,Proximity_to_Industrial_Areas,Population_Density,Air Quality
1494,23.3,52.6,9.4,17.5,21.0,12.1,1.41,10.8,498,Moderate
2298,21.1,54.2,49.3,59.1,30.7,9.9,1.5,6.9,660,Moderate
972,27.1,101.5,8.8,6.7,44.8,28.1,2.34,2.8,645,Hazardous
556,22.4,46.5,7.1,12.7,27.8,3.4,0.92,10.9,473,Good
3753,29.9,86.8,33.4,41.3,20.6,8.3,1.46,10.6,295,Moderate
2729,26.8,65.2,9.7,15.8,13.4,7.7,0.81,12.8,282,Good
3242,29.6,44.0,3.6,10.2,22.3,7.5,1.11,10.2,484,Good
4483,26.0,63.6,26.7,44.6,27.6,6.8,1.38,6.5,444,Moderate
235,34.2,72.1,5.8,15.9,25.5,16.0,2.72,5.3,560,Poor
921,27.1,93.4,37.3,64.1,29.7,14.8,3.28,2.5,701,Hazardous
4021,27.5,45.4,31.3,34.7,14.0,7.1,1.04,11.3,573,Good
4605,21.9,74.0,14.4,19.4,17.5,4.3,1.07,10.1,483,Good
479,32.7,56.0,57.9,68.6,22.9,15.7,1.32,6.7,542,Moderate
718,34.0,90.1,34.4,40.7,35.8,6.2,1.42,8.8,510,Moderate
4808,30.4,51.1,1.2,8.0,17.1,4.7,1.0,11.6,576,Good
1952,28.3,80.8,3.3,7.9,19.8,2.0,0.92,10.9,253,Good
2491,41.7,97.8,2.5,7.6,47.9,27.3,2.16,2.5,688,Hazardous
1349,29.3,77.9,37.0,47.7,29.1,15.4,2.14,3.5,691,Poor
1107,34.0,84.0,16.0,21.9,24.2,6.6,1.29,5.2,379,Moderate
45,41.5,94.0,62.1,79.4,30.0,20.0,2.8,7.8,547,Hazardous
532,26.1,48.2,15.7,16.5,17.1,5.3,0.94,11.1,344,Good
3975,23.0,52.0,14.1,15.5,20.1,4.9,0.76,11.9,497,Good
3369,47.4,82.8,14.5,33.5,32.3,18.9,1.84,5.1,600,Poor
4717,27.0,78.8,2.8,3.4,19.1,7.0,1.05,11.6,420,Good
1049,20.2,76.4,32.9,38.5,21.7,5.4,1.0,12.4,501,Good
1870,25.5,70.1,5.3,5.6,25.8,7.8,0.96,16.6,502,Good
2623,31.3,100.0,11.1,35.6,39.1,35.8,1.95,2.8,754,Hazardous
1035,30.4,58.9,0.2,4.5,19.6,5.5,1.06,10.7,355,Good
350,33.0,73.5,14.2,21.9,33.5,3.3,1.55,6.0,582,Moderate
812,30.9,46.6,4.1,13.6,14.3,1.8,0.98,10.4,218,Good
1081,27.2,62.6,8.5,13.2,27.2,6.6,0.95,10.2,505,Good
2624,26.0,54.6,3.9,10.0,23.6,4.3,1.11,11.4,298,Good
3837,34.4,103.1,29.2,42.2,54.4,23.6,3.37,3.7,614,Hazardous
526,26.8,39.3,10.0,12.5,20.9,5.7,1.0,10.6,494,Good
1926,27.1,58.3,4.7,17.0,29.4,7.5,1.07,5.0,349,Moderate
4931,24.4,56.1,9.8,15.5,15.5,4.9,0.98,10.3,524,Good
3113,40.4,71.5,30.1,46.8,43.9,18.1,2.13,5.3,790,Hazardous
4565,24.4,76.8,10.1,21.3,29.1,18.0,2.17,6.8,464,Poor
1134,22.3,70.1,2.6,10.4,26.8,2.9,1.2,10.1,388,Good
561,29.7,64.0,2.5,4.3,16.8,6.5,0.98,10.3,445,Good
1465,23.6,46.8,3.1,8.1,12.2,3.2,1.06,10.2,543,Good
3203,23.2,74.3,4.1,7.7,19.0,2.1,1.1,10.1,274,Good
2661,31.3,86.0,60.5,65.1,29.3,1.7,1.68,7.8,655,Moderate
3456,38.9,83.7,26.5,48.9,44.0,14.6,1.83,3.8,645,Poor
2343,28.3,72.7,56.8,70.2,34.4,10.3,1.75,5.1,486,Poor
1450,33.4,74.2,23.3,38.5,24.2,14.5,2.16,6.7,724,Poor
2657,26.4,77.1,20.6,24.8,24.1,12.4,1.46,6.7,576,Moderate
1248,31.7,52.1,24.3,30.1,15.3,6.0,0.91,13.8,418,Good
176,31.0,79.6,17.3,30.5,31.4,5.1,1.69,8.9,347,Moderate
2218,34.0,60.0,28.4,38.5,26.8,14.4,2.1,3.7,391,Poor
2483,23.8,79.3,9.2,10.6,22.5,5.5,1.05,12.3,544,Good
2756,23.0,66.7,8.8,12.3,16.8,4.8,1.08,10.4,316,Good
1606,27.7,58.8,39.1,50.7,33.0,9.8,1.43,7.9,408,Moderate
2787,17.6,77.1,20.0,24.3,22.6,5.2,0.99,12.2,487,Good
2105,22.7,58.8,16.0,21.7,14.8,4.5,0.95,10.0,324,Good
1998,23.2,67.0,8.1,14.5,12.4,3.8,0.89,10.5,222,Good
4764,22.6,70.7,0.8,7.4,26.3,1.8,1.07,10.8,481,Good
2323,26.9,59.1,21.4,33.0,22.2,9.2,1.14,5.5,398,Moderate
2382,24.9,85.6,7.4,18.6,30.2,10.8,1.22,6.4,515,Moderate
446,28.7,93.1,24.5,32.8,20.5,7.7,1.46,5.5,300,Moderate
4203,32.0,88.8,4.7,13.5,29.4,11.5,1.62,7.9,604,Moderate
3286,30.1,78.3,38.7,45.7,35.3,9.2,1.46,5.8,562,Moderate
2331,28.1,69.0,0.5,2.8,19.5,6.9,1.06,11.8,491,Good
1073,20.5,45.2,16.9,21.6,26.2,4.9,1.08,10.1,236,Good
3355,20.2,59.0,11.5,16.7,19.3,7.2,0.99,10.4,393,Good
3934,32.0,61.5,13.9,20.6,23.3,11.0,1.41,8.1,425,Moderate
2230,24.5,60.1,5.4,12.5,27.4,5.4,0.98,10.5,476,Good
1459,23.8,61.3,3.1,4.7,25.4,7.9,1.06,12.5,238,Good
1702,44.7,78.8,87.4,113.0,37.8,16.0,2.07,3.4,549,Poor
2295,33.7,89.4,30.0,47.3,26.5,8.1,1.41,6.0,613,Moderate
3225,22.0,50.9,23.6,28.9,19.0,4.6,1.02,10.1,303,Good
4144,22.9,86.5,1.4,6.6,25.5,10.1,1.45,5.1,458,Moderate
4611,21.9,80.0,1.1,6.0,21.8,11.4,1.77,6.5,642,Moderate
1178,30.6,47.9,14.4,18.8,16.1,2.4,1.05,12.4,386,Good
1328,23.5,43.0,14.6,19.0,23.1,1.7,1.14,12.7,297,Good
4541,24.2,62.7,4.5,8.5,22.3,0.3,0.99,10.3,555,Good
2189,36.5,90.3,5.1,31.6,27.9,10.5,2.12,5.1,630,Poor
2193,25.0,49.7,1.1,5.4,17.9,5.0,1.15,10.5,447,Good
3243,29.1,77.1,61.8,76.5,28.5,8.4,1.71,5.7,591,Moderate
2816,22.3,68.0,28.8,43.1,29.5,13.8,1.97,9.0,612,Moderate
2096,29.8,85.5,6.2,15.4,34.0,4.5,1.34,11.3,405,Moderate
2923,31.8,85.8,51.5,73.1,20.7,16.8,1.63,6.9,683,Moderate
2264,23.1,56.3,31.4,33.8,15.1,5.8,1.02,10.5,300,Good
2356,34.4,54.0,15.7,28.5,28.9,17.2,1.58,8.0,487,Moderate
97,40.0,75.6,16.8,35.2,34.9,14.2,2.09,6.5,591,Poor
1544,25.9,55.8,21.4,29.3,23.4,9.6,1.17,5.7,612,Moderate
3515,22.1,53.1,6.9,9.8,15.6,5.4,0.86,11.4,385,Good
4698,34.2,97.3,15.2,26.6,30.9,11.0,1.74,7.1,681,Poor
1589,23.9,43.0,12.2,17.2,14.1,7.2,0.93,10.5,333,Good
2898,28.4,48.0,11.1,17.7,15.1,7.6,1.06,16.4,334,Good
770,24.9,75.7,9.8,14.2,25.4,4.2,0.88,10.4,353,Good
4960,26.2,52.6,11.3,11.5,29.3,14.6,1.55,7.3,397,Moderate
4122,19.9,80.9,12.2,22.0,24.4,8.3,1.45,7.3,433,Moderate
715,29.8,67.0,23.0,39.7,27.3,12.5,2.27,7.2,639,Poor
2386,25.8,62.6,11.7,16.7,10.0,6.6,1.01,15.8,413,Good
3477,31.2,75.5,30.5,37.8,32.7,8.6,1.79,6.0,608,Moderate
1610,13.4,65.8,4.0,7.0,25.1,0.9,0.74,11.6,322,Good
2652,24.4,38.2,4.7,10.9,20.8,1.3,0.72,10.8,429,Good
3514,25.6,80.7,15.7,18.4,15.3,8.1,0.94,12.4,341,Good
1414,20.2,54.9,10.9,16.6,12.1,7.8,1.14,10.2,534,Good
1899,44.0,80.4,18.0,29.5,27.9,8.5,2.12,4.1,685,Poor
1739,26.3,73.3,17.7,23.6,35.2,14.1,1.77,6.3,482,Moderate
2875,30.2,74.5,18.3,25.0,23.3,4.2,0.87,12.0,499,Good
3038,28.7,75.2,3.4,7.9,23.3,5.0,0.83,10.3,425,Good
4659,23.3,48.1,32.0,35.7,23.1,1.1,0.93,10.6,321,Good
2280,33.2,67.6,28.0,36.5,30.3,19.0,1.99,3.8,571,Poor
4670,24.5,50.7,1.4,8.1,15.3,2.4,1.02,10.6,258,Good
223,26.8,63.3,1.7,5.3,17.3,2.0,0.92,11.3,481,Good
4345,43.8,106.8,4.6,19.2,32.8,21.2,2.34,4.1,425,Poor
3721,23.9,69.1,18.2,24.0,21.1,2.1,0.94,10.1,373,Good
957,25.1,54.5,13.9,16.1,21.2,6.5,1.02,10.4,300,Good
3493,27.9,104.7,7.3,17.6,28.4,17.3,2.43,5.0,505,Poor
2022,24.4,44.8,4.1,7.4,23.7,4.0,0.91,11.9,241,Good
4682,27.3,62.8,2.4,5.1,14.2,2.7,1.02,10.6,538,Good
2753,29.9,82.5,12.0,25.6,37.5,11.2,1.63,3.8,597,Poor
202,38.2,82.1,8.4,26.5,24.6,7.4,2.6,5.2,696,Poor
1896,29.8,61.0,12.4,18.5,21.8,4.8,0.94,10.4,490,Good
4325,23.1,39.7,23.4,27.8,20.4,9.6,1.06,10.5,314,Good
1679,26.5,68.0,20.7,28.1,14.2,2.4,0.9,13.3,248,Good
1113,22.8,73.0,0.6,5.4,24.1,4.2,0.87,10.6,381,Good
3775,41.1,71.6,6.9,30.1,37.9,8.3,1.8,3.8,713,Poor
3657,30.8,66.5,105.7,117.8,39.4,36.5,2.64,6.7,573,Hazardous
873,35.7,99.9,20.2,33.8,37.7,18.5,2.08,7.1,599,Poor
3580,35.9,61.0,8.3,18.0,21.4,16.3,1.41,11.6,613,Moderate
3306,34.7,94.5,12.3,31.9,39.8,20.2,1.58,4.4,424,Poor
2495,18.9,84.5,7.7,23.8,37.2,16.1,1.76,5.1,691,Poor
2393,49.8,79.2,70.1,82.7,50.3,20.6,1.91,5.2,617,Poor
3462,32.4,81.8,16.6,30.3,19.3,13.6,1.68,3.8,588,Poor
4817,25.5,54.8,19.3,27.1,25.4,3.1,0.89,11.4,530,Good
527,18.9,63.2,6.2,8.0,13.9,5.0,1.09,10.3,410,Good
1400,26.7,54.1,27.6,31.9,20.8,11.6,0.97,11.1,213,Good
3966,29.5,69.6,11.8,18.2,28.9,6.7,0.94,11.7,363,Good
3391,22.4,62.4,16.8,21.1,20.1,4.9,0.85,11.6,591,Good
667,28.9,49.8,0.3,1.5,20.5,8.5,1.13,11.4,485,Good
2194,18.9,41.8,4.4,10.2,25.7,1.9,0.96,10.1,564,Good
586,27.6,78.7,4.8,8.5,24.4,5.1,1.0,10.9,513,Good
2451,26.7,51.8,1.3,7.9,22.3,5.0,0.97,12.8,296,Good
3587,40.4,101.8,40.1,55.1,29.8,2.7,2.18,4.1,446,Poor
928,26.3,64.3,73.4,81.3,11.9,3.4,0.87,10.2,390,Good
3054,32.8,60.4,1.6,12.8,28.1,5.7,1.36,12.5,406,Moderate
284,24.4,53.7,1.6,4.6,24.9,6.0,0.93,10.6,253,Good
4601,21.0,93.8,6.3,19.4,37.5,13.6,2.18,3.9,669,Poor
4558,32.1,75.6,16.2,21.1,18.9,12.4,1.44,9.3,405,Moderate
11,32.7,93.0,12.6,23.5,23.5,0.8,1.51,6.0,598,Moderate
3156,38.2,48.5,77.8,86.9,37.9,15.7,1.93,4.7,438,Poor
614,24.1,47.5,22.8,26.0,26.5,4.1,0.91,12.2,406,Good
1530,28.4,71.7,13.3,15.0,16.8,8.2,1.11,11.4,360,Good
2540,15.3,48.0,16.6,20.7,26.5,3.9,0.94,12.5,263,Good
511,25.2,60.0,6.8,12.0,25.3,3.8,1.02,11.2,509,Good
2121,31.9,91.7,5.0,6.8,24.8,16.8,2.05,3.5,828,Poor
4223,37.4,102.3,26.3,36.4,28.4,26.5,1.61,5.7,432,Poor
207,25.6,64.6,56.7,67.9,28.0,6.9,1.6,9.4,334,Moderate
2034,31.6,55.9,22.2,30.6,22.9,8.2,1.46,6.4,581,Moderate
555,26.1,78.1,6.2,11.5,13.0,5.3,0.88,15.8,585,Good
2379,39.0,107.1,23.9,45.0,46.1,25.8,2.65,3.4,756,Hazardous
2195,23.2,73.3,0.4,16.2,26.7,7.7,1.93,5.9,543,Moderate
1145,34.1,60.8,71.1,91.7,37.5,17.4,2.12,4.1,458,Poor
4349,21.1,47.7,22.5,26.8,18.5,6.1,1.1,12.2,492,Good
2214,28.4,80.8,11.4,20.3,36.0,9.7,1.19,5.8,530,Moderate
2063,40.0,85.6,36.2,74.5,45.7,20.9,2.92,4.9,512,Hazardous
1244,23.3,55.0,2.0,12.5,19.2,5.7,1.12,10.6,339,Good
750,44.0,104.8,22.5,48.3,35.8,12.4,2.03,3.4,627,Hazardous
3061,26.5,78.8,0.1,14.2,38.2,3.5,1.14,7.9,589,Moderate
3400,42.2,86.6,23.0,34.8,34.9,6.2,1.96,3.8,635,Poor
816,29.3,39.1,1.6,8.9,17.7,2.7,1.1,15.9,530,Good
369,30.7,62.7,6.5,10.0,11.7,4.6,0.92,10.6,265,Good
1180,27.3,75.6,2.1,7.7,24.4,14.2,2.12,6.7,665,Poor
231,27.5,66.2,1.8,7.0,27.2,7.3,1.06,11.3,326,Good
3087,32.4,66.1,9.1,16.0,13.9,4.6,1.02,11.4,283,Good
73,35.4,58.4,3.0,9.5,27.3,5.4,1.54,6.1,411,Moderate
4052,23.7,61.1,16.1,21.7,23.7,7.6,1.08,11.2,567,Good
4075,41.8,75.4,23.7,34.7,37.7,6.8,1.42,5.9,527,Poor
2055,20.8,48.5,16.0,19.7,11.2,2.5,1.17,10.2,432,Good
1874,31.2,64.1,28.1,36.6,22.8,13.4,1.64,6.9,634,Moderate
436,50.2,69.1,0.4,24.1,41.5,21.9,2.82,7.3,883,Hazardous
4258,28.3,72.7,4.7,8.4,13.2,5.8,0.94,10.5,246,Good
3958,26.2,51.9,9.4,13.7,22.5,4.9,1.01,10.1,449,Good
4861,39.3,79.2,30.6,44.5,34.0,22.1,2.02,4.6,619,Poor
1138,39.2,57.5,122.3,134.5,41.2,10.1,2.4,3.9,730,Poor
141,24.2,68.7,8.6,12.6,22.0,4.0,1.0,12.2,321,Good
1627,33.1,80.3,28.6,49.4,27.8,15.3,1.46,5.6,609,Moderate
2203,28.3,76.4,23.2,25.7,21.5,10.9,2.08,6.4,501,Moderate
2563,42.0,92.6,10.8,29.5,47.4,35.7,2.21,5.5,770,Hazardous
3486,28.2,61.2,1.2,10.9,22.7,7.1,1.86,8.6,501,Moderate
1780,28.9,44.2,5.6,10.9,19.7,4.5,1.03,18.0,333,Good
2127,29.6,53.0,14.8,20.6,22.5,5.5,0.99,11.1,509,Good
1659,18.0,53.4,13.8,18.3,24.9,4.9,1.09,13.4,231,Good
4781,24.9,83.1,24.5,34.6,18.7,9.8,1.58,7.5,529,Moderate
1522,26.6,38.3,9.7,14.7,20.3,5.2,1.07,11.4,375,Good
2239,29.4,91.0,25.4,47.2,37.6,19.6,1.66,3.7,675,Poor
576,25.4,78.6,4.1,6.7,21.3,9.1,1.4,10.1,543,Moderate
3192,21.8,78.4,17.0,20.6,21.2,3.3,0.92,10.2,203,Good
2155,30.7,71.1,26.1,34.5,19.0,3.2,0.78,11.3,512,Good
3850,22.6,40.8,4.6,10.6,20.9,5.7,1.11,12.6,315,Good
2232,32.5,89.0,12.2,34.2,38.7,13.5,1.88,5.3,688,Poor
4120,43.6,104.2,64.7,85.9,38.6,4.5,2.72,5.8,676,Hazardous
4890,36.4,72.1,37.2,45.7,29.1,9.6,1.45,9.8,312,Moderate
2905,23.4,77.4,25.1,28.6,26.1,5.7,1.09,12.0,201,Good
2605,30.8,60.3,1.1,3.6,21.2,5.1,0.96,11.4,470,Good
2728,30.1,80.4,65.3,77.1,36.8,16.4,1.71,4.9,597,Poor
3617,27.3,77.9,20.9,33.3,32.8,9.9,1.3,7.5,580,Moderate
2645,25.2,63.2,8.9,19.6,41.7,9.9,2.14,5.1,473,Poor
1700,24.3,78.1,0.5,5.2,24.3,2.6,1.0,12.0,517,Good
1662,23.0,69.6,12.6,18.1,25.6,6.1,1.24,10.2,521,Good
318,32.4,70.4,75.2,91.5,44.8,25.7,2.06,13.7,771,Hazardous
3947,32.1,89.0,1.0,18.5,32.4,9.8,1.95,6.8,545,Poor
3562,36.0,71.3,5.3,25.4,33.0,14.6,1.73,5.2,677,Moderate
3977,21.2,40.0,2.3,6.1,15.1,6.4,1.04,15.8,481,Good
3323,22.7,67.6,3.7,12.5,20.9,1.1,1.08,11.7,403,Good
3809,46.3,76.9,117.4,124.5,42.4,40.5,2.4,3.5,789,Hazardous
871,25.4,74.2,7.8,13.0,28.0,9.8,0.97,12.3,308,Good
2847,27.3,81.7,0.4,4.0,26.1,3.9,1.07,11.3,520,Good
678,26.4,45.9,0.5,5.4,15.7,3.7,1.06,13.3,478,Good
4999,26.7,52.8,27.3,31.8,15.6,1.9,0.89,11.9,318,Good
1916,28.9,87.5,13.4,37.1,34.3,8.9,1.9,8.0,612,Poor
4454,27.4,77.3,12.9,21.1,16.4,15.8,1.81,8.0,406,Moderate
1116,36.0,97.3,11.0,20.8,28.5,20.7,1.87,3.9,795,Poor
1558,20.5,80.0,1.0,3.2,23.6,2.8,0.91,13.4,276,Good
2499,23.4,69.5,5.8,12.1,19.5,7.8,1.02,12.6,412,Good
75,25.5,65.8,4.3,20.3,33.9,10.2,1.09,9.3,596,Moderate
1265,29.9,72.8,59.1,70.0,24.4,26.2,1.97,6.7,465,Poor
1555,30.8,76.8,3.7,15.9,30.8,12.0,1.78,7.8,501,Moderate
3510,35.1,51.8,4.7,14.9,14.8,10.5,1.25,6.8,352,Moderate
630,28.8,76.6,124.1,135.5,32.0,10.0,2.02,5.0,566,Poor
4797,25.2,60.1,1.1,2.4,14.7,6.1,1.04,12.2,384,Good
3339,25.0,81.3,4.3,7.8,23.1,6.7,1.14,10.1,329,Good
226,27.3,48.7,18.1,24.7,12.8,4.6,1.05,10.8,224,Good
4952,25.2,43.9,0.4,4.9,12.3,4.8,1.08,12.7,471,Good
2159,40.6,85.2,31.6,44.8,30.5,19.0,2.66,4.5,554,Poor
1564,27.7,76.3,12.7,17.5,24.9,7.8,1.02,11.5,536,Good
1028,31.8,99.2,11.7,43.7,38.0,10.0,2.86,2.7,810,Hazardous
769,26.2,80.8,10.2,16.3,13.9,3.2,0.86,12.0,328,Good
3798,45.3,73.7,53.2,84.6,47.8,28.0,2.45,2.8,480,Hazardous
3027,26.0,66.5,1.7,5.4,20.2,5.8,1.0,10.2,399,Good
535,27.2,53.8,37.7,44.2,18.2,4.6,0.89,13.7,197,Good
1980,22.5,56.1,27.4,33.8,19.0,5.4,0.87,16.6,492,Good
938,18.6,66.2,6.2,11.5,15.9,4.7,1.13,12.1,448,Good
1906,30.3,49.2,50.9,61.1,28.2,6.6,1.39,8.4,425,Moderate
4204,39.0,96.8,50.1,61.3,48.3,29.6,2.64,3.4,755,Hazardous
3179,26.7,41.7,13.2,18.9,18.9,6.3,0.9,12.3,550,Good
2112,27.6,44.8,9.8,10.1,19.2,4.9,1.01,10.8,407,Good
1788,27.7,78.7,1.1,20.5,28.2,9.8,1.53,5.5,449,Moderate
838,39.8,84.9,33.8,51.8,29.2,15.9,1.92,7.6,559,Poor
3081,31.5,71.1,20.4,35.1,39.2,10.9,2.11,10.5,562,Poor
2320,34.9,63.0,59.7,69.2,29.5,8.2,1.07,5.2,568,Moderate
3687,21.9,69.6,7.1,9.6,24.7,2.6,1.11,12.7,423,Good
304,36.1,82.6,28.1,28.1,31.7,12.7,1.52,9.0,601,Moderate
3941,26.5,54.9,0.9,3.5,12.6,6.1,1.01,14.5,368,Good
1117,22.3,54.1,4.3,10.3,12.7,4.5,1.02,10.4,275,Good
513,32.0,81.6,3.1,11.0,28.0,11.0,1.31,6.1,531,Moderate
817,33.0,87.8,18.1,27.3,19.4,12.2,1.78,5.2,529,Moderate
19,28.1,62.6,19.4,29.4,16.2,12.3,1.77,7.1,676,Moderate
4908,26.2,75.1,11.1,16.5,30.9,8.7,1.44,5.8,576,Moderate
636,24.6,46.5,5.9,13.0,14.2,6.7,0.96,10.5,547,Good
161,29.0,80.6,0.4,23.9,30.8,9.5,2.69,3.4,656,Hazardous
3853,32.4,88.5,37.8,57.3,48.5,21.2,2.23,3.4,769,Hazardous
2710,30.5,57.3,8.7,14.8,26.1,4.1,0.87,10.2,521,Good
2909,34.7,74.0,22.5,23.7,40.4,17.1,2.49,5.2,523,Poor
63,36.7,75.1,19.7,40.7,38.1,26.6,2.67,11.5,875,Hazardous
2020,24.6,71.3,8.6,13.8,25.0,5.1,1.11,10.9,433,Good
2160,27.8,99.6,27.2,34.4,40.4,18.4,2.06,4.7,611,Poor
2602,27.5,49.8,1.3,9.3,24.8,8.5,1.11,10.7,589,Good
4312,35.3,92.3,13.3,24.1,32.6,10.4,1.87,4.0,623,Poor
2762,26.1,54.2,15.8,21.1,15.3,5.2,0.98,10.0,427,Good
4707,27.3,78.1,8.6,7.8,13.8,5.6,1.06,11.0,447,Good
3032,31.4,78.3,8.2,14.1,23.5,5.6,0.87,11.2,225,Good
1991,30.3,72.5,5.7,11.2,16.6,4.4,1.21,11.6,305,Good
1787,35.4,84.1,45.6,62.3,31.4,5.6,1.26,7.0,638,Moderate
4114,48.8,101.3,25.5,50.1,37.5,38.7,2.87,3.0,544,Hazardous
1772,32.9,62.6,17.1,30.6,21.9,14.6,1.4,5.2,533,Moderate
1913,20.3,75.5,8.6,14.6,14.7,4.6,0.99,16.3,297,Good
1696,35.2,71.8,12.2,25.7,28.0,7.1,1.27,7.8,327,Moderate
3209,40.6,80.7,1.1,14.6,41.7,21.3,1.92,4.5,469,Poor
1547,52.3,84.7,21.2,36.4,26.8,15.6,2.27,2.7,647,Hazardous
867,32.4,80.4,36.4,52.2,36.8,21.1,1.76,9.0,643,Poor
3715,33.2,101.3,14.7,20.5,36.6,14.2,1.53,8.4,509,Poor
3548,31.1,76.5,2.8,9.5,19.0,1.9,0.97,13.1,318,Good
2074,30.6,93.2,5.5,9.5,28.7,15.3,1.41,5.9,393,Moderate
4327,23.7,62.5,1.1,7.4,15.1,5.7,1.09,14.8,258,Good
2767,30.3,68.2,5.4,16.0,29.5,4.0,1.49,5.3,645,Moderate
653,29.3,67.6,11.4,16.8,26.7,9.1,0.83,10.9,488,Good
2530,28.7,81.0,17.8,28.2,23.5,12.0,1.42,10.5,352,Moderate
4425,32.5,56.9,2.4,25.1,23.2,13.4,1.61,5.3,451,Moderate
4983,23.8,57.9,21.9,27.3,21.9,4.3,1.02,11.1,336,Good
3905,29.4,73.1,9.4,13.7,38.5,5.1,1.59,3.8,438,Poor
704,27.8,42.0,20.7,24.5,18.2,2.9,0.89,13.2,253,Good
2216,31.7,106.5,14.7,21.2,33.0,18.0,1.98,4.1,661,Poor
737,30.9,81.4,14.5,24.8,27.9,15.9,1.59,7.1,392,Moderate
1466,41.1,103.3,40.8,53.1,38.5,12.6,1.61,7.4,602,Poor
408,22.1,79.6,1.6,4.1,20.1,3.8,1.02,14.7,376,Good
1137,29.2,83.7,5.8,20.6,25.7,11.9,1.46,5.1,698,Moderate
1167,24.2,41.9,14.0,18.5,24.5,6.8,1.01,10.4,361,Good
1126,37.1,105.9,2.5,17.2,28.3,14.5,1.63,5.5,501,Poor
1901,27.8,82.1,12.3,27.8,28.0,18.6,1.69,13.4,676,Moderate
2958,23.5,50.8,0.6,6.7,13.3,3.1,0.95,14.1,564,Good
1284,43.2,110.8,36.4,55.4,42.4,16.8,2.38,4.6,531,Hazardous
309,28.0,57.2,2.0,7.0,23.7,7.9,0.92,10.7,419,Good
852,17.2,75.7,22.8,29.4,23.7,2.3,1.11,10.7,389,Good
984,25.5,88.7,10.6,20.0,25.4,10.5,1.5,5.8,364,Moderate
3952,31.1,69.9,22.4,25.7,25.7,7.1,1.04,13.7,417,Good
1018,40.1,62.1,47.7,67.7,31.6,0.0,2.54,4.9,570,Poor
4006,44.7,75.6,6.6,28.3,25.7,23.5,2.1,4.1,643,Poor
1835,26.0,86.8,85.4,95.8,24.8,3.9,1.23,5.4,481,Moderate
3624,28.6,88.5,0.4,11.6,20.1,16.8,1.93,8.8,657,Moderate
3502,29.5,54.6,40.8,48.3,30.7,9.5,1.52,5.0,642,Moderate
2813,26.1,61.7,5.3,8.6,19.5,9.1,1.07,15.4,381,Good
2314,29.4,76.2,12.9,28.0,27.0,13.9,1.58,7.8,696,Moderate
2305,26.2,46.9,2.0,6.4,18.1,4.2,1.19,11.6,299,Good
1177,43.4,88.4,35.6,48.0,39.4,14.4,1.78,4.6,639,Poor
3863,21.9,65.2,0.5,2.0,15.4,4.4,0.81,12.7,216,Good
192,34.4,75.8,7.2,22.6,35.5,12.0,1.42,9.5,582,Moderate
1416,30.0,85.3,9.2,18.2,25.8,5.2,1.42,10.2,503,Moderate
2814,26.3,60.5,10.0,18.9,24.6,3.7,0.97,10.1,459,Good
1370,24.8,67.2,20.9,23.5,22.0,5.8,0.92,12.5,255,Good
3316,26.7,68.4,2.8,10.4,24.4,2.3,1.12,11.6,545,Good
1496,34.1,53.4,31.9,44.3,28.7,16.6,1.54,7.5,622,Moderate
854,28.1,66.3,51.2,69.9,23.9,13.7,1.61,5.0,653,Moderate
4703,37.1,74.0,3.1,24.9,42.6,10.6,2.08,4.4,406,Poor
4834,37.1,70.6,9.6,28.2,33.2,5.2,2.49,3.7,711,Poor
2229,23.6,54.1,15.8,19.2,21.2,6.4,0.86,13.1,377,Good
1647,38.9,56.6,151.2,161.2,41.8,11.3,2.27,5.4,549,Poor
1447,29.8,44.0,30.2,31.6,23.9,2.6,0.99,18.6,322,Good
427,31.7,52.4,11.2,22.0,32.4,13.3,1.52,7.3,460,Moderate
4099,37.7,78.2,9.2,18.9,35.2,9.7,1.49,5.3,318,Moderate
1055,20.4,65.1,7.7,9.0,10.8,4.1,0.83,11.2,586,Good
145,36.3,60.8,19.8,29.7,22.1,14.6,1.27,16.3,495,Moderate
1521,32.4,76.9,6.5,12.3,25.3,10.5,1.66,5.1,397,Moderate
4205,26.7,77.8,4.8,10.4,20.8,6.4,1.05,15.3,294,Good
4833,30.0,67.1,2.2,7.8,39.2,17.0,2.0,5.2,793,Poor
4302,41.6,81.7,0.9,21.9,59.3,10.5,2.07,2.9,633,Hazardous
2609,36.0,87.5,1.1,21.3,43.5,1.8,2.63,4.0,514,Hazardous
1472,30.6,94.9,10.5,34.9,26.5,12.1,2.44,6.0,444,Poor
2538,31.3,49.2,7.2,14.9,29.3,11.9,1.37,6.7,340,Moderate
4731,22.6,59.5,2.1,9.3,12.4,7.5,0.95,12.5,451,Good
4523,50.6,92.4,42.9,58.7,40.4,29.7,3.34,4.8,695,Hazardous
4665,19.2,73.8,4.1,7.2,14.3,4.0,1.1,10.7,448,Good
4009,47.8,74.1,38.5,62.2,41.1,11.4,1.85,6.8,549,Poor
29,29.3,77.1,14.5,19.8,14.0,2.9,1.07,11.6,361,Good
2037,39.8,108.4,30.3,39.3,32.2,21.5,2.03,3.0,572,Hazardous
1578,25.3,49.4,19.5,32.0,24.9,7.2,1.73,5.8,426,Moderate
1554,30.5,62.3,13.3,18.8,19.7,5.2,1.01,11.4,495,Good
999,34.6,87.2,42.1,70.1,38.0,18.3,1.41,10.3,471,Poor
3017,24.1,81.4,80.4,93.2,19.7,12.8,1.66,9.5,400,Moderate
2770,27.0,65.3,96.9,109.7,22.4,9.9,1.62,5.5,414,Moderate
1305,18.4,75.1,10.7,15.3,17.4,5.8,1.03,12.5,553,Good
2612,27.3,74.8,10.3,10.9,14.2,6.3,1.04,18.7,577,Good
1965,27.8,78.7,16.8,21.9,13.5,4.6,1.08,12.3,293,Good
3806,57.7,77.3,22.8,42.8,33.2,20.4,3.03,3.9,810,Hazardous
4366,41.1,70.0,30.3,40.1,36.4,7.6,2.51,5.0,647,Poor
3413,28.5,69.0,16.3,25.3,23.0,7.7,1.71,5.5,344,Moderate
1892,27.6,61.5,0.0,4.5,25.1,4.3,1.07,11.0,536,Good
837,27.1,57.1,14.0,31.6,33.8,7.6,1.91,5.2,452,Moderate
4721,27.4,82.9,13.2,31.2,25.9,9.7,1.23,6.0,539,Moderate
1762,32.3,76.8,19.1,38.4,23.9,12.6,1.69,6.2,674,Moderate
1709,27.4,73.3,4.1,8.8,17.5,2.8,1.14,12.3,337,Good
4947,26.5,79.2,51.0,58.8,22.3,12.0,1.54,5.2,344,Moderate
35,32.0,58.4,24.0,30.9,28.9,7.4,0.92,12.3,684,Moderate
2240,37.2,94.4,20.8,37.1,29.5,10.8,1.66,8.3,531,Poor
1430,24.0,86.0,35.5,50.3,29.5,7.0,1.56,5.1,586,Moderate
4609,36.3,84.9,5.3,14.1,33.0,16.5,1.9,5.3,718,Poor
238,26.8,64.3,10.7,15.9,26.5,3.8,1.3,12.8,451,Good
2335,26.3,49.5,1.6,5.6,22.0,1.2,1.05,11.2,207,Good
354,25.6,52.6,1.9,3.6,13.5,6.2,1.07,11.4,492,Good
1975,27.3,67.7,2.4,9.2,24.6,7.6,1.13,11.1,249,Good
2424,20.3,78.3,8.4,11.9,22.8,7.2,1.1,15.4,342,Good
1776,25.2,58.1,7.9,13.3,23.3,5.6,0.93,10.4,526,Good
1181,30.7,50.1,23.6,44.2,28.9,12.7,1.56,6.4,659,Moderate
3799,31.1,68.6,32.4,43.0,22.2,14.1,2.06,3.9,417,Poor
3049,29.0,73.7,13.5,19.5,17.1,10.8,1.55,10.2,499,Moderate
1437,33.4,85.5,55.9,60.9,36.0,10.2,1.64,3.7,698,Poor
2619,26.4,76.0,16.0,32.9,31.8,10.6,2.15,4.8,548,Poor
2354,26.2,60.3,13.4,17.3,26.7,7.0,1.23,10.9,308,Good
3917,31.7,70.0,8.4,19.9,24.7,9.8,1.35,6.7,438,Moderate
2961,34.2,81.3,54.5,65.0,28.2,11.6,2.19,6.4,709,Poor
2717,39.5,70.4,9.9,30.3,48.3,36.8,2.68,3.2,896,Hazardous
2759,40.5,75.6,0.8,10.8,20.8,11.4,1.69,5.6,645,Moderate
2607,32.3,78.2,25.8,39.1,31.5,7.0,1.5,5.2,380,Moderate
902,18.5,71.0,13.2,20.4,19.4,5.2,0.89,12.0,550,Good
2175,22.7,69.5,15.6,15.6,27.8,7.3,1.84,7.2,483,Moderate
3138,21.2,52.0,0.2,3.9,17.9,4.5,0.95,10.5,278,Good
2010,32.5,64.6,5.5,13.3,29.7,11.6,1.74,5.5,485,Moderate
3716,24.4,48.1,21.9,29.7,11.1,12.7,0.97,10.6,572,Good
4372,32.2,103.1,31.8,39.9,34.3,7.3,1.58,4.9,402,Poor
1658,40.7,67.9,12.1,30.6,35.9,18.9,2.24,5.5,504,Poor
1131,23.1,70.5,34.7,39.4,21.6,4.5,0.85,10.8,283,Good
3870,19.7,42.8,13.1,20.8,21.3,3.5,0.96,11.3,452,Good
1987,21.2,55.0,8.5,13.5,15.8,7.1,1.04,13.0,503,Good
3996,28.5,58.2,1.5,9.5,17.1,4.8,0.83,10.7,376,Good
4979,28.2,54.0,0.3,12.7,28.4,0.8,1.49,8.8,522,Moderate
3826,25.2,61.7,27.9,33.6,12.7,5.5,1.08,11.9,300,Good
3137,19.8,54.8,4.6,17.5,24.3,14.5,1.52,5.6,637,Moderate
12,17.8,57.7,1.2,6.8,27.1,3.0,0.95,10.9,453,Good
3909,34.4,95.1,5.1,17.4,20.9,10.0,2.06,3.7,689,Poor
1749,31.3,101.5,33.4,52.8,28.7,18.2,1.97,7.6,488,Poor
2972,22.8,65.3,6.6,13.3,14.7,6.7,1.03,11.3,318,Good
2137,25.2,69.1,75.3,89.9,30.1,10.8,2.18,8.4,483,Poor
94,26.5,70.7,6.9,16.0,21.9,5.6,1.01,12.7,303,Good
3733,26.5,69.5,4.0,11.9,24.9,5.0,0.98,13.8,304,Good
4551,39.1,79.9,7.9,19.7,34.6,10.7,1.71,5.5,609,Moderate
4767,38.2,63.2,37.1,49.7,32.6,26.1,2.27,7.2,590,Poor
